Kernel,Kernel_parameter,lambda,law_p,law_q,sigma_H0,sigma_H1,moyenne
gaussian,0.25,1,normal_0_1,normal_1_1,0.4278382848651086,0.542539078237374,0.134627009903277
gaussian,0.25,1,normal_0_1,normal_0_2,0.42908233942896595,0.4288727822417558,0.06896822791892532
gaussian,0.25,1,normal_0_1,unif_0_1,0.4397822237956552,0.5241197691914888,0.3073639975729662
gaussian,0.25,1,unif_-1_1,normal_1_1,0.466752450390361,0.575127440996843,0.2639397466153728
gaussian,0.25,1,unif_-1_1,normal_0_2,0.45356503627111044,0.5261092791575233,0.20469633210277494
gaussian,0.25,1,unif_-1_1,unif_0_1,0.4742239149171447,0.5182883305615499,0.2693786279924328
gaussian,0.25,0.8,normal_0_1,normal_1_1,0.4801913444735652,0.5594675015698783,0.13423747629697094
gaussian,0.25,0.8,normal_0_1,normal_0_2,0.46991125547161217,0.5055881566740077,0.08024851619480217
gaussian,0.25,0.8,normal_0_1,unif_0_1,0.4882683541781569,0.559232029256548,0.3059399990902416
gaussian,0.25,0.8,unif_-1_1,normal_1_1,0.4882163868797463,0.6444145006371024,0.2556022006220314
gaussian,0.25,0.8,unif_-1_1,normal_0_2,0.5248328017258467,0.5488291696052398,0.21214052015894988
gaussian,0.25,0.8,unif_-1_1,unif_0_1,0.4974150859531742,0.5786292459277753,0.2675128896935661
gaussian,0.25,0.5,normal_0_1,normal_1_1,0.5224867387777948,0.683956050194184,0.1446797379432877
gaussian,0.25,0.5,normal_0_1,normal_0_2,0.5360696057187341,0.5172740875168736,0.0710877898550403
gaussian,0.25,0.5,normal_0_1,unif_0_1,0.5163276351270372,0.5836905228811381,0.30914010833992084
gaussian,0.25,0.5,unif_-1_1,normal_1_1,0.5370008310268997,0.7607050790578407,0.2646906988393123
gaussian,0.25,0.5,unif_-1_1,normal_0_2,0.5780025921537694,0.6015479680685268,0.21790538927573375
gaussian,0.25,0.5,unif_-1_1,unif_0_1,0.5662725947281426,0.608867372610624,0.2640935374849287
gaussian,0.25,0.2,normal_0_1,normal_1_1,0.7990355851542795,0.9447886528504432,0.13774318728832946
gaussian,0.25,0.2,normal_0_1,normal_0_2,0.7955793453985582,0.7228926433999645,0.06638900701691855
gaussian,0.25,0.2,normal_0_1,unif_0_1,0.8309902472010611,0.6066136688603229,0.2985943014813356
gaussian,0.25,0.2,unif_-1_1,normal_1_1,0.7501012178567055,1.0263073505305211,0.25584292475080844
gaussian,0.25,0.2,unif_-1_1,normal_0_2,0.8221414143384073,0.920764547230833,0.20897317794850237
gaussian,0.25,0.2,unif_-1_1,unif_0_1,0.8761206441969595,0.7805359860040523,0.2604163685311462
gaussian,0.25,0.1,normal_0_1,normal_1_1,1.0238691137576945,1.2983807697363663,0.1285326217474056
gaussian,0.25,0.1,normal_0_1,normal_0_2,1.130413195898428,1.1018215362768404,0.06690731317903507
gaussian,0.25,0.1,normal_0_1,unif_0_1,1.0115417142375038,0.9205748928527465,0.31565437793102646
gaussian,0.25,0.1,unif_-1_1,normal_1_1,1.135891503919088,1.5590193335590754,0.2542155212926112
gaussian,0.25,0.1,unif_-1_1,normal_0_2,1.1797247738022183,1.3205227879249652,0.2143348217409816
gaussian,0.25,0.1,unif_-1_1,unif_0_1,1.0516790994373093,0.9292183780786512,0.2630299803199307
gaussian,0.25,0.05,normal_0_1,normal_1_1,1.4199682933710935,1.7084565285292137,0.13099730735082887
gaussian,0.25,0.05,normal_0_1,normal_0_2,1.7344502256654069,1.3592011954446952,0.06944066263082527
gaussian,0.25,0.05,normal_0_1,unif_0_1,1.5966252586192042,1.1227715064812869,0.3138414817728885
gaussian,0.25,0.05,unif_-1_1,normal_1_1,1.6758853683079238,1.8599397361020436,0.25138635759483213
gaussian,0.25,0.05,unif_-1_1,normal_0_2,1.4342284594334933,1.8535896555811302,0.20657040113712338
gaussian,0.25,0.05,unif_-1_1,unif_0_1,1.612209431350477,1.19524715887514,0.26540187597929626
gaussian,0.25,0.01,normal_0_1,normal_1_1,3.428418667743681,4.195776447625922,0.1348189444814786
gaussian,0.25,0.01,normal_0_1,normal_0_2,3.008171730026062,3.3522823813351916,0.07176756056834885
gaussian,0.25,0.01,normal_0_1,unif_0_1,2.8837209904657466,2.338303065719319,0.30008015361827683
gaussian,0.25,0.01,unif_-1_1,normal_1_1,3.4812128729430505,4.141499439933957,0.25857382290094943
gaussian,0.25,0.01,unif_-1_1,normal_0_2,3.349393744684566,3.8949814592296788,0.21451692257044283
gaussian,0.25,0.01,unif_-1_1,unif_0_1,3.425584590976217,2.5631872968661225,0.2676723121823267
gaussian,0.25,0.001,normal_0_1,normal_1_1,9.088352107254554,12.621713668512093,0.1341363932139471
gaussian,0.25,0.001,normal_0_1,normal_0_2,10.39515863696936,10.506008049952326,0.07754452687993124
gaussian,0.25,0.001,normal_0_1,unif_0_1,9.56291444079245,6.955245694576386,0.3077893809204941
gaussian,0.25,0.001,unif_-1_1,normal_1_1,11.435994119135032,14.60720705695217,0.26045297064656175
gaussian,0.25,0.001,unif_-1_1,normal_0_2,10.841251870718473,13.3625261880884,0.2078998297250215
gaussian,0.25,0.001,unif_-1_1,unif_0_1,11.82375512352004,7.874873092459252,0.25016342023158394
gaussian,0.5,1,normal_0_1,normal_1_1,0.42026772604727114,0.5725617347230151,0.170867107866545
gaussian,0.5,1,normal_0_1,normal_0_2,0.44105849304456846,0.4936727665318695,0.08538323772898325
gaussian,0.5,1,normal_0_1,unif_0_1,0.43922472523750666,0.46252850744897855,0.26746939652273544
gaussian,0.5,1,unif_-1_1,normal_1_1,0.3868164893531072,0.5657967507050703,0.2956942816139987
gaussian,0.5,1,unif_-1_1,normal_0_2,0.42214306173034727,0.5091718644724034,0.23585206988998136
gaussian,0.5,1,unif_-1_1,unif_0_1,0.41996434903331115,0.463199812722675,0.22202518882787672
gaussian,0.5,0.8,normal_0_1,normal_1_1,0.4761311915759192,0.6157276024490199,0.15960816155505542
gaussian,0.5,0.8,normal_0_1,normal_0_2,0.44294153524320157,0.5459446107280712,0.07810934208623403
gaussian,0.5,0.8,normal_0_1,unif_0_1,0.4986809557075186,0.48464883900587835,0.2792727416004541
gaussian,0.5,0.8,unif_-1_1,normal_1_1,0.4163132779500025,0.6351312683550581,0.2816114983950797
gaussian,0.5,0.8,unif_-1_1,normal_0_2,0.38844345507684386,0.5883643994357923,0.2327628146584479
gaussian,0.5,0.8,unif_-1_1,unif_0_1,0.4261237610526016,0.5052795002878654,0.21926661575880566
gaussian,0.5,0.5,normal_0_1,normal_1_1,0.5515477954846398,0.6463244740614681,0.15628957778689764
gaussian,0.5,0.5,normal_0_1,normal_0_2,0.516238313185611,0.6119461528072626,0.0885885610748071
gaussian,0.5,0.5,normal_0_1,unif_0_1,0.5491357914713529,0.5108967225222775,0.26227287427074125
gaussian,0.5,0.5,unif_-1_1,normal_1_1,0.47675453506771787,0.747588781003824,0.2913048348826751
gaussian,0.5,0.5,unif_-1_1,normal_0_2,0.4639239759145932,0.7655224881055602,0.23857636238140212
gaussian,0.5,0.5,unif_-1_1,unif_0_1,0.4594464664379669,0.5891539878924386,0.2312454030549935
gaussian,0.5,0.2,normal_0_1,normal_1_1,0.6802398920608322,0.9787036779023628,0.16590645550290287
gaussian,0.5,0.2,normal_0_1,normal_0_2,0.7928603582967924,0.8765714574810806,0.08847761074370064
gaussian,0.5,0.2,normal_0_1,unif_0_1,0.7369374899517306,0.6246485291820936,0.2726660246335981
gaussian,0.5,0.2,unif_-1_1,normal_1_1,0.637441265826887,1.1787669413453323,0.27870615770349666
gaussian,0.5,0.2,unif_-1_1,normal_0_2,0.7038598391212001,1.067640201349353,0.24438809953158588
gaussian,0.5,0.2,unif_-1_1,unif_0_1,0.6714548909577365,0.628521897937242,0.22353636604694624
gaussian,0.5,0.1,normal_0_1,normal_1_1,0.9655437715452903,1.3115843066574189,0.1590332958461281
gaussian,0.5,0.1,normal_0_1,normal_0_2,0.9479846258383983,1.2671952169313585,0.09119944127921388
gaussian,0.5,0.1,normal_0_1,unif_0_1,0.9637346893906601,0.675557694913529,0.27216017684754845
gaussian,0.5,0.1,unif_-1_1,normal_1_1,0.896994879597367,1.3695858352880717,0.2902805289303282
gaussian,0.5,0.1,unif_-1_1,normal_0_2,0.9143961354144263,1.3596570212060763,0.22856795588043627
gaussian,0.5,0.1,unif_-1_1,unif_0_1,0.9608277323103345,0.7415890444161937,0.21575458690524577
gaussian,0.5,0.05,normal_0_1,normal_1_1,1.3597371861324203,1.9542723241550062,0.1622067845035079
gaussian,0.5,0.05,normal_0_1,normal_0_2,1.5708095388143184,1.6317627348192356,0.08271187211630592
gaussian,0.5,0.05,normal_0_1,unif_0_1,1.520650231451395,0.7539197357953459,0.26917306956754156
gaussian,0.5,0.05,unif_-1_1,normal_1_1,1.2193163627140682,2.0065888532905434,0.29833613978326673
gaussian,0.5,0.05,unif_-1_1,normal_0_2,1.2232070360684868,1.806795566260763,0.23974984176553926
gaussian,0.5,0.05,unif_-1_1,unif_0_1,1.2595315332656878,0.9549026254923902,0.22520159026646536
gaussian,0.5,0.01,normal_0_1,normal_1_1,3.0555499739850367,4.215262951896717,0.16084330298134467
gaussian,0.5,0.01,normal_0_1,normal_0_2,3.2339123536955166,3.6567519796396017,0.0883523824623322
gaussian,0.5,0.01,normal_0_1,unif_0_1,2.795288309126928,1.924024889515537,0.2674715356835864
gaussian,0.5,0.01,unif_-1_1,normal_1_1,2.9385271267754307,5.116152938335983,0.27679240685164336
gaussian,0.5,0.01,unif_-1_1,normal_0_2,3.0588013372477274,4.1322657023270235,0.22676979367992772
gaussian,0.5,0.01,unif_-1_1,unif_0_1,2.837528725130779,2.023021810203666,0.22463300416347076
gaussian,0.5,0.001,normal_0_1,normal_1_1,10.650481095394106,13.240625166015597,0.16420954147513214
gaussian,0.5,0.001,normal_0_1,normal_0_2,10.77648423583984,11.520168016464204,0.08786481196392358
gaussian,0.5,0.001,normal_0_1,unif_0_1,9.048450219340015,4.617978686556973,0.2732273740475561
gaussian,0.5,0.001,unif_-1_1,normal_1_1,8.522648304435545,15.838402511011017,0.28868726700335967
gaussian,0.5,0.001,unif_-1_1,normal_0_2,7.864839604161143,12.57939606268027,0.23120539045173896
gaussian,0.5,0.001,unif_-1_1,unif_0_1,8.853548582575682,6.147545739980266,0.22851192933342185
gaussian,1.0,1,normal_0_1,normal_1_1,0.38455670966548156,0.5187482611611913,0.18159901783568227
gaussian,1.0,1,normal_0_1,normal_0_2,0.4039156563687615,0.46631910246637354,0.08982808481789076
gaussian,1.0,1,normal_0_1,unif_0_1,0.3765634407160122,0.37206803643873193,0.19288036810690806
gaussian,1.0,1,unif_-1_1,normal_1_1,0.2925019333321824,0.47386227644497675,0.28024591004580895
gaussian,1.0,1,unif_-1_1,normal_0_2,0.29471027964514435,0.5296865349611196,0.233329965592986
gaussian,1.0,1,unif_-1_1,unif_0_1,0.2987213178788287,0.3690158772208092,0.1646347369479768
gaussian,1.0,0.8,normal_0_1,normal_1_1,0.43933881360158633,0.5670850154743469,0.18207287891552512
gaussian,1.0,0.8,normal_0_1,normal_0_2,0.4184777025764045,0.4876338711949772,0.09578314878296797
gaussian,1.0,0.8,normal_0_1,unif_0_1,0.41217877150419635,0.45590099691981334,0.20378118638522885
gaussian,1.0,0.8,unif_-1_1,normal_1_1,0.29418986766312794,0.5813384896805428,0.2871673340800808
gaussian,1.0,0.8,unif_-1_1,normal_0_2,0.30994044709868424,0.5705496420671773,0.2177315893220424
gaussian,1.0,0.8,unif_-1_1,unif_0_1,0.2841603927699539,0.3466092038750628,0.15596199843296452
gaussian,1.0,0.5,normal_0_1,normal_1_1,0.467406381516339,0.6612292230268375,0.17642068124308208
gaussian,1.0,0.5,normal_0_1,normal_0_2,0.43477214346362075,0.574582652977145,0.09346625674726267
gaussian,1.0,0.5,normal_0_1,unif_0_1,0.43910372998794306,0.43715660413149676,0.19188109567296102
gaussian,1.0,0.5,unif_-1_1,normal_1_1,0.3300217139264882,0.655901674334255,0.28508990422418923
gaussian,1.0,0.5,unif_-1_1,normal_0_2,0.32858806204312163,0.6465399617606254,0.22415753288061893
gaussian,1.0,0.5,unif_-1_1,unif_0_1,0.31834775537608,0.3978079291281683,0.16681212940283896
gaussian,1.0,0.2,normal_0_1,normal_1_1,0.6371405254827084,0.9575391829507016,0.1773841575947281
gaussian,1.0,0.2,normal_0_1,normal_0_2,0.6516042208639764,0.8095973140172403,0.09325479511558916
gaussian,1.0,0.2,normal_0_1,unif_0_1,0.6699503475634614,0.43687955646105614,0.19509368844833874
gaussian,1.0,0.2,unif_-1_1,normal_1_1,0.4659251842374732,1.0554679039755839,0.28892147407026275
gaussian,1.0,0.2,unif_-1_1,normal_0_2,0.46311424416469826,1.00822844391419,0.23093222884942327
gaussian,1.0,0.2,unif_-1_1,unif_0_1,0.4969260701556429,0.3515725849360071,0.16247076317787804
gaussian,1.0,0.1,normal_0_1,normal_1_1,0.8795916954273892,1.2397921941228889,0.17762246285500743
gaussian,1.0,0.1,normal_0_1,normal_0_2,0.9171369772333665,1.0875549897718961,0.09188653373321927
gaussian,1.0,0.1,normal_0_1,unif_0_1,0.8887217551986729,0.5275551933973514,0.19340451464531527
gaussian,1.0,0.1,unif_-1_1,normal_1_1,0.6124690653780088,1.1768147661318886,0.27209655584637465
gaussian,1.0,0.1,unif_-1_1,normal_0_2,0.6841497627833153,1.5145542398968095,0.2259421894899906
gaussian,1.0,0.1,unif_-1_1,unif_0_1,0.6517055457004892,0.472266001548794,0.15905884355256147
gaussian,1.0,0.05,normal_0_1,normal_1_1,1.3435284007498505,1.9087075362857004,0.17466898412582685
gaussian,1.0,0.05,normal_0_1,normal_0_2,1.2074913901174629,1.8096652438690366,0.09236805539561063
gaussian,1.0,0.05,normal_0_1,unif_0_1,1.0494000662947092,0.6506115787862193,0.19398221473841828
gaussian,1.0,0.05,unif_-1_1,normal_1_1,1.0492964271790695,1.8885086202574113,0.2946279164251401
gaussian,1.0,0.05,unif_-1_1,normal_0_2,0.8572513056359787,2.1647834074706562,0.23093904664791362
gaussian,1.0,0.05,unif_-1_1,unif_0_1,0.9323364786168152,0.6653203716323894,0.1576323289267828
gaussian,1.0,0.01,normal_0_1,normal_1_1,2.479274105010356,3.5931640371308067,0.17182089548199322
gaussian,1.0,0.01,normal_0_1,normal_0_2,2.6795640199152038,3.271857093540236,0.08912130985852668
gaussian,1.0,0.01,normal_0_1,unif_0_1,2.7223236716755155,0.9344058681219672,0.20484715055083286
gaussian,1.0,0.01,unif_-1_1,normal_1_1,2.199087125396112,4.271446927088537,0.2823329683635159
gaussian,1.0,0.01,unif_-1_1,normal_0_2,2.0818423990168946,4.467374214446404,0.22283735689330955
gaussian,1.0,0.01,unif_-1_1,unif_0_1,2.2173667404804847,1.39137336054798,0.16276897540102625
gaussian,1.0,0.001,normal_0_1,normal_1_1,7.368007708350395,11.586137873328052,0.17872706240160505
gaussian,1.0,0.001,normal_0_1,normal_0_2,8.345210430407365,12.146377531502019,0.09135337627832228
gaussian,1.0,0.001,normal_0_1,unif_0_1,9.005396430565927,3.3060329500975896,0.19556082620257634
gaussian,1.0,0.001,unif_-1_1,normal_1_1,6.834576316584517,15.111034424704863,0.29092211222986
gaussian,1.0,0.001,unif_-1_1,normal_0_2,5.863422282704199,14.75545704351337,0.236874725629741
gaussian,1.0,0.001,unif_-1_1,unif_0_1,6.345849851550147,4.1138705000175335,0.1598182373208266
gaussian,2.0,1,normal_0_1,normal_1_1,0.3133944354605872,0.4414826021803681,0.16711603265194927
gaussian,2.0,1,normal_0_1,normal_0_2,0.2774456214018284,0.47806226022983994,0.07978935397847492
gaussian,2.0,1,normal_0_1,unif_0_1,0.2799618316212677,0.2598312135495511,0.12451994963048199
gaussian,2.0,1,unif_-1_1,normal_1_1,0.19280475418417475,0.4060446295823943,0.2393752173135264
gaussian,2.0,1,unif_-1_1,normal_0_2,0.18063209378239678,0.40994720517987215,0.18661083502962897
gaussian,2.0,1,unif_-1_1,unif_0_1,0.18977388044776086,0.20736147284377499,0.10223091376507175
gaussian,2.0,0.8,normal_0_1,normal_1_1,0.34887921630253493,0.45894065953266494,0.16614307800676464
gaussian,2.0,0.8,normal_0_1,normal_0_2,0.3221674579645775,0.4092859762929849,0.08429035778038127
gaussian,2.0,0.8,normal_0_1,unif_0_1,0.3058351803432084,0.32033926364828064,0.12752844464529195
gaussian,2.0,0.8,unif_-1_1,normal_1_1,0.19892706023598752,0.487896732156306,0.23269627847173158
gaussian,2.0,0.8,unif_-1_1,normal_0_2,0.18841406864266197,0.4436218244896126,0.18193979678587666
gaussian,2.0,0.8,unif_-1_1,unif_0_1,0.1968198414987531,0.22997772871709882,0.09802509853942366
gaussian,2.0,0.5,normal_0_1,normal_1_1,0.38735066888119907,0.5130977460311255,0.16279758526853416
gaussian,2.0,0.5,normal_0_1,normal_0_2,0.3465205114234443,0.6318758732808005,0.08789577221277996
gaussian,2.0,0.5,normal_0_1,unif_0_1,0.37402807604371086,0.3089646657325025,0.1277221029391577
gaussian,2.0,0.5,unif_-1_1,normal_1_1,0.22899144993254628,0.5545035711004956,0.23504896812005396
gaussian,2.0,0.5,unif_-1_1,normal_0_2,0.23927796277237112,0.5743898468696989,0.192739098911083
gaussian,2.0,0.5,unif_-1_1,unif_0_1,0.25040184658886633,0.2326113974614904,0.09706426190429375
gaussian,2.0,0.2,normal_0_1,normal_1_1,0.46438702778836777,0.7743470886181519,0.17243960927865654
gaussian,2.0,0.2,normal_0_1,normal_0_2,0.5014163916013862,0.7989747235344806,0.08979453144970387
gaussian,2.0,0.2,normal_0_1,unif_0_1,0.451171933586302,0.34845690301782606,0.11882688266780589
gaussian,2.0,0.2,unif_-1_1,normal_1_1,0.3056768757769246,0.8846006885491259,0.23244888606843533
gaussian,2.0,0.2,unif_-1_1,normal_0_2,0.30673965468531994,0.7494805642958369,0.19209092400128525
gaussian,2.0,0.2,unif_-1_1,unif_0_1,0.28624862790563704,0.2761286159465617,0.09834428072601595
gaussian,2.0,0.1,normal_0_1,normal_1_1,0.6875744001759798,1.0534392305733333,0.1668060130292204
gaussian,2.0,0.1,normal_0_1,normal_0_2,0.6636688739884519,1.3547730806381328,0.08678698827101071
gaussian,2.0,0.1,normal_0_1,unif_0_1,0.636127468226159,0.3491704070072988,0.11458882300529663
gaussian,2.0,0.1,unif_-1_1,normal_1_1,0.43714085717236106,1.0904896333896847,0.2300652864574806
gaussian,2.0,0.1,unif_-1_1,normal_0_2,0.42836513324195646,1.2914847028239675,0.18688936884914514
gaussian,2.0,0.1,unif_-1_1,unif_0_1,0.3766881055197264,0.3358175280055326,0.10126896489974017
gaussian,2.0,0.05,normal_0_1,normal_1_1,0.9718809628501742,1.4026257012641898,0.157550642291657
gaussian,2.0,0.05,normal_0_1,normal_0_2,1.1105214497585945,1.3416932691504155,0.08480262927489392
gaussian,2.0,0.05,normal_0_1,unif_0_1,0.9259546561234269,0.4118179331976728,0.12399462484881912
gaussian,2.0,0.05,unif_-1_1,normal_1_1,0.5457904125219603,1.702519882243534,0.2367691468131805
gaussian,2.0,0.05,unif_-1_1,normal_0_2,0.5793005572079417,1.8003169667916061,0.18812325962845847
gaussian,2.0,0.05,unif_-1_1,unif_0_1,0.6057431335692797,0.4248773823508006,0.1027502106906981
gaussian,2.0,0.01,normal_0_1,normal_1_1,2.442015094081703,2.77894303225267,0.16740160841705312
gaussian,2.0,0.01,normal_0_1,normal_0_2,1.9205611479111633,3.633028784480027,0.08343775865806882
gaussian,2.0,0.01,normal_0_1,unif_0_1,2.3669571411911616,0.754757409941335,0.11956156411925457
gaussian,2.0,0.01,unif_-1_1,normal_1_1,1.2785553294587462,3.733503134995796,0.22964724521445484
gaussian,2.0,0.01,unif_-1_1,normal_0_2,1.2965835483482295,4.306192581223234,0.1852177248095021
gaussian,2.0,0.01,unif_-1_1,unif_0_1,1.2168874512922192,0.7871928297708187,0.10132940595177271
gaussian,2.0,0.001,normal_0_1,normal_1_1,6.81454984362444,9.357334488517822,0.1634029912649756
gaussian,2.0,0.001,normal_0_1,normal_0_2,6.081228113823642,10.05131502754782,0.08540852993404996
gaussian,2.0,0.001,normal_0_1,unif_0_1,7.1271407983856765,2.0983371998193103,0.12130700932000625
gaussian,2.0,0.001,unif_-1_1,normal_1_1,3.8749924646008913,11.907024043045128,0.22792338954721408
gaussian,2.0,0.001,unif_-1_1,normal_0_2,3.559946765138342,11.580606381552936,0.1791281457499411
gaussian,2.0,0.001,unif_-1_1,unif_0_1,3.889511620756457,2.7941198327521883,0.10245257596569637
gaussian,5.0,1,normal_0_1,normal_1_1,0.17829311768541792,0.2706618079922103,0.1113898609037631
gaussian,5.0,1,normal_0_1,normal_0_2,0.15832891801583732,0.33221346048174,0.05023479735355494
gaussian,5.0,1,normal_0_1,unif_0_1,0.1810452761616828,0.20047803358757196,0.052275015026234765
gaussian,5.0,1,unif_-1_1,normal_1_1,0.0855455573998843,0.264476707352144,0.141402317480218
gaussian,5.0,1,unif_-1_1,normal_0_2,0.08296546983055181,0.29077789413048943,0.09679822131914466
gaussian,5.0,1,unif_-1_1,unif_0_1,0.07789962098294605,0.10807839285100083,0.04658549040145556
gaussian,5.0,0.8,normal_0_1,normal_1_1,0.20589405674046474,0.3059666564156779,0.1162491590348763
gaussian,5.0,0.8,normal_0_1,normal_0_2,0.18985273456105095,0.3301776699918874,0.04840633384472758
gaussian,5.0,0.8,normal_0_1,unif_0_1,0.18851741667448296,0.13808179026244213,0.05106053948754174
gaussian,5.0,0.8,unif_-1_1,normal_1_1,0.09234064747501376,0.24748061479819744,0.14333236623310955
gaussian,5.0,0.8,unif_-1_1,normal_0_2,0.08970234763639791,0.3389218815430636,0.0895844811194692
gaussian,5.0,0.8,unif_-1_1,unif_0_1,0.08114812533890994,0.1076855601474383,0.047921381830925154
gaussian,5.0,0.5,normal_0_1,normal_1_1,0.2033860500963029,0.36319433133464757,0.11484362878628025
gaussian,5.0,0.5,normal_0_1,normal_0_2,0.22007880585521153,0.3600267890190461,0.052610899881973705
gaussian,5.0,0.5,normal_0_1,unif_0_1,0.21104245247140938,0.15244146339744785,0.04882444746680227
gaussian,5.0,0.5,unif_-1_1,normal_1_1,0.10171922457822642,0.34617411332527537,0.13927663359988388
gaussian,5.0,0.5,unif_-1_1,normal_0_2,0.10324173585025691,0.41577415888277397,0.09626737150510654
gaussian,5.0,0.5,unif_-1_1,unif_0_1,0.09919307153706201,0.10253314324127889,0.0439104619738751
gaussian,5.0,0.2,normal_0_1,normal_1_1,0.3366055879753203,0.5261834924294118,0.1206500789657609
gaussian,5.0,0.2,normal_0_1,normal_0_2,0.321700807966602,0.5679975211284874,0.05374252583448205
gaussian,5.0,0.2,normal_0_1,unif_0_1,0.314135412264443,0.205085230889666,0.05520176723508898
gaussian,5.0,0.2,unif_-1_1,normal_1_1,0.1585548858565955,0.5507637728389032,0.14656048785254802
gaussian,5.0,0.2,unif_-1_1,normal_0_2,0.15120313261844837,0.6514391665738863,0.09540989299679227
gaussian,5.0,0.2,unif_-1_1,unif_0_1,0.15590703907511555,0.12587864925968684,0.04558544914441472
gaussian,5.0,0.1,normal_0_1,normal_1_1,0.37273776688736404,0.7614883840051235,0.12491059309078195
gaussian,5.0,0.1,normal_0_1,normal_0_2,0.4821835014034274,0.8443980598151034,0.04815244451436087
gaussian,5.0,0.1,normal_0_1,unif_0_1,0.46004883879712516,0.223928515024207,0.051691883275147135
gaussian,5.0,0.1,unif_-1_1,normal_1_1,0.20097871856710417,0.675719200372944,0.14185149666705815
gaussian,5.0,0.1,unif_-1_1,normal_0_2,0.22358223565864255,0.8382811219653099,0.09539681112634131
gaussian,5.0,0.1,unif_-1_1,unif_0_1,0.1927913548714059,0.17375238288709002,0.04402489130357024
gaussian,5.0,0.05,normal_0_1,normal_1_1,0.7587539035108619,0.8668162437826342,0.11822751791059807
gaussian,5.0,0.05,normal_0_1,normal_0_2,0.5315579961142631,1.270229461394598,0.05328789101255121
gaussian,5.0,0.05,normal_0_1,unif_0_1,0.6302840224600363,0.21095747037851947,0.05180408242969952
gaussian,5.0,0.05,unif_-1_1,normal_1_1,0.2856556893660645,1.0242924089749226,0.14277235072636976
gaussian,5.0,0.05,unif_-1_1,normal_0_2,0.2800476081114721,1.5514732226830683,0.0989447789586218
gaussian,5.0,0.05,unif_-1_1,unif_0_1,0.30336196258702436,0.20669858946006553,0.04508135778281953
gaussian,5.0,0.01,normal_0_1,normal_1_1,1.1666174215185956,2.004590488653629,0.12056226412711171
gaussian,5.0,0.01,normal_0_1,normal_0_2,1.0851245335167021,2.078630615549717,0.052916085755934504
gaussian,5.0,0.01,normal_0_1,unif_0_1,1.2207500696488172,0.39311859886991435,0.05137501361340587
gaussian,5.0,0.01,unif_-1_1,normal_1_1,0.6459629203561613,1.929345162891497,0.14388705701943164
gaussian,5.0,0.01,unif_-1_1,normal_0_2,0.622399396351823,2.997050414985564,0.09223140178048612
gaussian,5.0,0.01,unif_-1_1,unif_0_1,0.5452711565627247,0.3904493134538931,0.04565557581819894
gaussian,5.0,0.001,normal_0_1,normal_1_1,3.763216371817059,6.8118432600061025,0.12252196936155355
gaussian,5.0,0.001,normal_0_1,normal_0_2,3.9838937178799263,8.092408461116523,0.04919235599019829
gaussian,5.0,0.001,normal_0_1,unif_0_1,3.8416917407813873,1.1264009673094508,0.05405022276989612
gaussian,5.0,0.001,unif_-1_1,normal_1_1,1.834875476697775,8.150369056666332,0.14272264391335215
gaussian,5.0,0.001,unif_-1_1,normal_0_2,1.7477775584291453,10.140851769860252,0.09428328926460634
gaussian,5.0,0.001,unif_-1_1,unif_0_1,1.737436753964272,1.339961459230242,0.04539940465958376
laplacian,0.25,1,normal_0_1,normal_1_1,0.16029749434933788,0.2394613874204668,0.08990286050074653
laplacian,0.25,1,normal_0_1,normal_0_2,0.15834349125052496,0.20130988721569093,0.04041072498028872
laplacian,0.25,1,normal_0_1,unif_0_1,0.16299505932643774,0.18152001501319323,0.08227702484035482
laplacian,0.25,1,unif_-1_1,normal_1_1,0.12667593692804782,0.23091778326040713,0.12830448883565893
laplacian,0.25,1,unif_-1_1,normal_0_2,0.12266638812171633,0.23132571734003357,0.09108255649224728
laplacian,0.25,1,unif_-1_1,unif_0_1,0.11392876140310336,0.1648005175692749,0.06969705698234571
laplacian,0.25,0.8,normal_0_1,normal_1_1,0.16385579928191332,0.23216485375038284,0.08388090565675793
laplacian,0.25,0.8,normal_0_1,normal_0_2,0.16756782283139512,0.26076592697509476,0.04275565500498827
laplacian,0.25,0.8,normal_0_1,unif_0_1,0.16626035835005337,0.18186375964776053,0.08309499316563336
laplacian,0.25,0.8,unif_-1_1,normal_1_1,0.12495088047314383,0.2640070693421331,0.12205853032982947
laplacian,0.25,0.8,unif_-1_1,normal_0_2,0.13149237202934858,0.22493153517444847,0.08771338582438373
laplacian,0.25,0.8,unif_-1_1,unif_0_1,0.1286900551011427,0.1516771356960805,0.07181250097845296
laplacian,0.25,0.5,normal_0_1,normal_1_1,0.20219777116649607,0.29328336622900714,0.08386174349560659
laplacian,0.25,0.5,normal_0_1,normal_0_2,0.212439805341362,0.2676125391390029,0.03842304351652475
laplacian,0.25,0.5,normal_0_1,unif_0_1,0.1957825697532051,0.1924059499909977,0.08607443547823852
laplacian,0.25,0.5,unif_-1_1,normal_1_1,0.1416554904408431,0.3080465221962004,0.1271821164592361
laplacian,0.25,0.5,unif_-1_1,normal_0_2,0.1483254061831527,0.3173707711732975,0.0873138892116449
laplacian,0.25,0.5,unif_-1_1,unif_0_1,0.14555005160838463,0.18164207109885047,0.0703369303658073
laplacian,0.25,0.2,normal_0_1,normal_1_1,0.24956124576492905,0.3869040909059504,0.08768308647347482
laplacian,0.25,0.2,normal_0_1,normal_0_2,0.2701303824393962,0.40629656246189283,0.04060134245374609
laplacian,0.25,0.2,normal_0_1,unif_0_1,0.29556578023495744,0.20544686219701935,0.08336937884205925
laplacian,0.25,0.2,unif_-1_1,normal_1_1,0.21909024044500394,0.45097425551645737,0.1240898679661379
laplacian,0.25,0.2,unif_-1_1,normal_0_2,0.2237929194977085,0.45728282129005715,0.08347533877782856
laplacian,0.25,0.2,unif_-1_1,unif_0_1,0.21649780831444568,0.1882057652521197,0.06724387600686058
laplacian,0.25,0.1,normal_0_1,normal_1_1,0.3694086844078125,0.5169166715544005,0.08695295805171281
laplacian,0.25,0.1,normal_0_1,normal_0_2,0.3878857895816659,0.5558753152338008,0.0391653327107383
laplacian,0.25,0.1,normal_0_1,unif_0_1,0.3948874317886676,0.2549769512217843,0.07975942000718618
laplacian,0.25,0.1,unif_-1_1,normal_1_1,0.287430685737586,0.7051487640971746,0.1225385760809666
laplacian,0.25,0.1,unif_-1_1,normal_0_2,0.27559404631004286,0.7025532814112145,0.08803980207923275
laplacian,0.25,0.1,unif_-1_1,unif_0_1,0.3058375358731381,0.2545659239001635,0.06963859401739178
laplacian,0.25,0.05,normal_0_1,normal_1_1,0.566924953035012,0.7550315939048124,0.09269944793432873
laplacian,0.25,0.05,normal_0_1,normal_0_2,0.600930911068307,0.8431000737392433,0.040465674785118776
laplacian,0.25,0.05,normal_0_1,unif_0_1,0.49103474779564904,0.29711103889834095,0.08304908312698663
laplacian,0.25,0.05,unif_-1_1,normal_1_1,0.38232289593702506,0.8942411271333601,0.12442814527257352
laplacian,0.25,0.05,unif_-1_1,normal_0_2,0.3730866277029529,0.7199774029724479,0.08645644639642984
laplacian,0.25,0.05,unif_-1_1,unif_0_1,0.4277095525767774,0.3257367998826365,0.06823389559597574
laplacian,0.25,0.01,normal_0_1,normal_1_1,1.0581030960190658,1.560634957709242,0.0887036623000645
laplacian,0.25,0.01,normal_0_1,normal_0_2,1.2526681624472782,1.877779718446918,0.04172725744299076
laplacian,0.25,0.01,normal_0_1,unif_0_1,1.1472587611564173,0.618833840637531,0.08105017817664449
laplacian,0.25,0.01,unif_-1_1,normal_1_1,0.8622659260342375,2.234920148242473,0.12462160117840936
laplacian,0.25,0.01,unif_-1_1,normal_0_2,0.8376965594450316,2.024153279915981,0.08740406660034544
laplacian,0.25,0.01,unif_-1_1,unif_0_1,0.8698499055021054,0.6460772533081212,0.06592575970339183
laplacian,0.25,0.001,normal_0_1,normal_1_1,3.6057327899026346,4.903818256978418,0.08453898550340784
laplacian,0.25,0.001,normal_0_1,normal_0_2,3.2232356814468552,5.444440090252511,0.038962995756567705
laplacian,0.25,0.001,normal_0_1,unif_0_1,3.8843750316235854,2.124241194268369,0.08204302885764027
laplacian,0.25,0.001,unif_-1_1,normal_1_1,2.639921385681681,6.363238994767639,0.12437461872595702
laplacian,0.25,0.001,unif_-1_1,normal_0_2,2.820070775250201,7.5667975952022655,0.0895371949832204
laplacian,0.25,0.001,unif_-1_1,unif_0_1,2.6061152704363377,2.1722660062775296,0.06845453544072905
laplacian,0.5,1,normal_0_1,normal_1_1,0.2543527804608195,0.34277388206075926,0.12051808608290598
laplacian,0.5,1,normal_0_1,normal_0_2,0.2759106336085313,0.2948803216615526,0.061704891236848934
laplacian,0.5,1,normal_0_1,unif_0_1,0.23697677123918653,0.2701456162670527,0.14374784513715488
laplacian,0.5,1,unif_-1_1,normal_1_1,0.20071369347597035,0.3431498199612506,0.18094040692884214
laplacian,0.5,1,unif_-1_1,normal_0_2,0.22302236194856476,0.32395855285224046,0.13655819087340842
laplacian,0.5,1,unif_-1_1,unif_0_1,0.20775661788989175,0.2544763048888113,0.11573354688307376
laplacian,0.5,0.8,normal_0_1,normal_1_1,0.25401563746302575,0.3614210645428505,0.11750805664002971
laplacian,0.5,0.8,normal_0_1,normal_0_2,0.22448377541838357,0.3115027833637152,0.05454090304691691
laplacian,0.5,0.8,normal_0_1,unif_0_1,0.2663556129621905,0.2685677189950073,0.14482944690673372
laplacian,0.5,0.8,unif_-1_1,normal_1_1,0.21533651428119502,0.40313449984324123,0.1823063798092723
laplacian,0.5,0.8,unif_-1_1,normal_0_2,0.22185329700529952,0.3710131592454102,0.1395134284591497
laplacian,0.5,0.8,unif_-1_1,unif_0_1,0.2417680793723528,0.2588339849488877,0.11260171594221859
laplacian,0.5,0.5,normal_0_1,normal_1_1,0.30949582018800287,0.4045991076714524,0.1217134610696401
laplacian,0.5,0.5,normal_0_1,normal_0_2,0.3169764482135061,0.42732625947499575,0.05902002218035278
laplacian,0.5,0.5,normal_0_1,unif_0_1,0.29545823156191514,0.2941665993120033,0.14154007377222932
laplacian,0.5,0.5,unif_-1_1,normal_1_1,0.25660741874214116,0.4460518152936904,0.18168023062861222
laplacian,0.5,0.5,unif_-1_1,normal_0_2,0.23416281964389724,0.5097624317781555,0.13994739238835438
laplacian,0.5,0.5,unif_-1_1,unif_0_1,0.2652810393003123,0.2955386689147223,0.11252185823634873
laplacian,0.5,0.2,normal_0_1,normal_1_1,0.4168732232122497,0.6689922562951187,0.11675101636746273
laplacian,0.5,0.2,normal_0_1,normal_0_2,0.4266823794114228,0.7311075578214932,0.06384452578528955
laplacian,0.5,0.2,normal_0_1,unif_0_1,0.43334093400822576,0.33156392181298927,0.13610332302849218
laplacian,0.5,0.2,unif_-1_1,normal_1_1,0.32532604065883036,0.6447654893032108,0.1874645863738756
laplacian,0.5,0.2,unif_-1_1,normal_0_2,0.37146266381590265,0.6694544451169494,0.13661267911982317
laplacian,0.5,0.2,unif_-1_1,unif_0_1,0.35355152088193226,0.3251953443241363,0.11860802551749393
laplacian,0.5,0.1,normal_0_1,normal_1_1,0.5914081786617154,0.7536032074382075,0.11625427763209391
laplacian,0.5,0.1,normal_0_1,normal_0_2,0.6269493250263487,0.8121286913433917,0.05622145798327022
laplacian,0.5,0.1,normal_0_1,unif_0_1,0.6044774175954349,0.41058551510276353,0.1401545876624229
laplacian,0.5,0.1,unif_-1_1,normal_1_1,0.4454674290314615,0.8967452587249872,0.17779442987677446
laplacian,0.5,0.1,unif_-1_1,normal_0_2,0.5160212650495519,0.8358759660856663,0.13642917605517857
laplacian,0.5,0.1,unif_-1_1,unif_0_1,0.49000463044144765,0.4654049103456436,0.12169040767009073
laplacian,0.5,0.05,normal_0_1,normal_1_1,0.8667525496971975,1.189811970591564,0.11643265225477994
laplacian,0.5,0.05,normal_0_1,normal_0_2,0.8638394237266062,1.359704227489965,0.05418611273599189
laplacian,0.5,0.05,normal_0_1,unif_0_1,0.8627363424256479,0.543263253398256,0.13622600539220536
laplacian,0.5,0.05,unif_-1_1,normal_1_1,0.704462250404398,1.2391874584744405,0.17480911812509903
laplacian,0.5,0.05,unif_-1_1,normal_0_2,0.6449321127898364,1.1207308669129152,0.1389302566243196
laplacian,0.5,0.05,unif_-1_1,unif_0_1,0.6298244902731469,0.5330804426648592,0.11452097145423208
laplacian,0.5,0.01,normal_0_1,normal_1_1,1.5185189550978386,2.551939900602252,0.1239717229154943
laplacian,0.5,0.01,normal_0_1,normal_0_2,1.6761701792064132,2.3245105007079587,0.05537183748909067
laplacian,0.5,0.01,normal_0_1,unif_0_1,1.890082945188428,0.9932113406908359,0.13337429661740627
laplacian,0.5,0.01,unif_-1_1,normal_1_1,1.4166573193326586,3.0752669003946282,0.18375447167858583
laplacian,0.5,0.01,unif_-1_1,normal_0_2,1.3472063256111952,2.9237744614972776,0.14075168770060567
laplacian,0.5,0.01,unif_-1_1,unif_0_1,1.4819738739798274,1.0351645748272806,0.11124329873198388
laplacian,0.5,0.001,normal_0_1,normal_1_1,5.374638307552505,7.344165326271807,0.11445927860392172
laplacian,0.5,0.001,normal_0_1,normal_0_2,5.0157591043875165,7.579732176915527,0.05981966521864764
laplacian,0.5,0.001,normal_0_1,unif_0_1,5.4003128142884265,3.5272979273988163,0.13337093348853676
laplacian,0.5,0.001,unif_-1_1,normal_1_1,4.830282268870284,9.083004462707283,0.1796051835944607
laplacian,0.5,0.001,unif_-1_1,normal_0_2,5.12706784020733,9.662801216035003,0.13612858685386509
laplacian,0.5,0.001,unif_-1_1,unif_0_1,4.963273759489072,3.4697774687327785,0.11317348479232467
laplacian,1.0,1,normal_0_1,normal_1_1,0.31103715716930536,0.41750620450073206,0.1258958855222248
laplacian,1.0,1,normal_0_1,normal_0_2,0.33186275645382635,0.35035022166364843,0.060798641045299445
laplacian,1.0,1,normal_0_1,unif_0_1,0.333656062202851,0.34720862111545575,0.20195512727059842
laplacian,1.0,1,unif_-1_1,normal_1_1,0.28846902018191856,0.41417905702922764,0.20888203097251457
laplacian,1.0,1,unif_-1_1,normal_0_2,0.32066125616492724,0.43037018643202907,0.16971064922870302
laplacian,1.0,1,unif_-1_1,unif_0_1,0.29255476835779637,0.38132655971393176,0.16174494951556165
laplacian,1.0,0.8,normal_0_1,normal_1_1,0.33830065222752226,0.4329008250816086,0.12312589782538871
laplacian,1.0,0.8,normal_0_1,normal_0_2,0.35613214075276095,0.39672127765095866,0.05954060165090934
laplacian,1.0,0.8,normal_0_1,unif_0_1,0.36868321765520806,0.39387979452005045,0.19799152373209547
laplacian,1.0,0.8,unif_-1_1,normal_1_1,0.3348733188787937,0.47765541349601937,0.20532546261756754
laplacian,1.0,0.8,unif_-1_1,normal_0_2,0.33402496561978223,0.40151865880262094,0.16980078169953083
laplacian,1.0,0.8,unif_-1_1,unif_0_1,0.3213114575579586,0.3879837509299507,0.16998560307497326
laplacian,1.0,0.5,normal_0_1,normal_1_1,0.40221048317033975,0.5473201768688835,0.12602131736307168
laplacian,1.0,0.5,normal_0_1,normal_0_2,0.3930313316125157,0.4363930856418792,0.06460118860170046
laplacian,1.0,0.5,normal_0_1,unif_0_1,0.37687610260482557,0.42108580289198855,0.20334875016497028
laplacian,1.0,0.5,unif_-1_1,normal_1_1,0.3825152075952103,0.561467421465072,0.21751464274700874
laplacian,1.0,0.5,unif_-1_1,normal_0_2,0.3436518513078558,0.49737035368855437,0.173860670301267
laplacian,1.0,0.5,unif_-1_1,unif_0_1,0.38081258235794724,0.39401748397805836,0.1690704967185214
laplacian,1.0,0.2,normal_0_1,normal_1_1,0.5430123247210341,0.7498583153387428,0.12899300816717388
laplacian,1.0,0.2,normal_0_1,normal_0_2,0.5592105261253766,0.6686339255402126,0.06634971143006885
laplacian,1.0,0.2,normal_0_1,unif_0_1,0.5661114571492589,0.49149195184449307,0.19465243100085056
laplacian,1.0,0.2,unif_-1_1,normal_1_1,0.5671223265580508,0.9468371725717664,0.20955482432329497
laplacian,1.0,0.2,unif_-1_1,normal_0_2,0.5533516542152567,0.7542162104014736,0.16722477513879905
laplacian,1.0,0.2,unif_-1_1,unif_0_1,0.5091060021654936,0.47033471081716116,0.16969265471850933
laplacian,1.0,0.1,normal_0_1,normal_1_1,0.737871393817225,0.9689045246488888,0.1288197815035538
laplacian,1.0,0.1,normal_0_1,normal_0_2,0.7164095211423237,0.7803149303015522,0.06642823935059496
laplacian,1.0,0.1,normal_0_1,unif_0_1,0.7273007229663283,0.616222445531247,0.1971483680834098
laplacian,1.0,0.1,unif_-1_1,normal_1_1,0.7068292121637927,1.2107347458359965,0.20959119894308867
laplacian,1.0,0.1,unif_-1_1,normal_0_2,0.7113139342036506,1.0690374413786587,0.17416475460097824
laplacian,1.0,0.1,unif_-1_1,unif_0_1,0.6926106462652563,0.6374909732689008,0.17049747013457398
laplacian,1.0,0.05,normal_0_1,normal_1_1,1.027404606725813,1.403044148649104,0.12675318134419597
laplacian,1.0,0.05,normal_0_1,normal_0_2,1.1181444663993934,1.272195870345186,0.06318632153344257
laplacian,1.0,0.05,normal_0_1,unif_0_1,1.1500627011309263,0.7510702573099673,0.19671177151632857
laplacian,1.0,0.05,unif_-1_1,normal_1_1,0.9403478270278491,1.711778073513763,0.20976002187539206
laplacian,1.0,0.05,unif_-1_1,normal_0_2,0.9955576526754114,1.4191340017766714,0.17230368978625182
laplacian,1.0,0.05,unif_-1_1,unif_0_1,1.0041124917595794,0.8887432506536012,0.16706769263817306
laplacian,1.0,0.01,normal_0_1,normal_1_1,2.465618629783345,3.3592772677560294,0.12267891339755951
laplacian,1.0,0.01,normal_0_1,normal_0_2,2.469234780026255,2.8614182268427766,0.06848979003043372
laplacian,1.0,0.01,normal_0_1,unif_0_1,2.739352620233594,1.8111721029304249,0.20372894076654174
laplacian,1.0,0.01,unif_-1_1,normal_1_1,2.116108359274569,3.697709809264919,0.20958233351844754
laplacian,1.0,0.01,unif_-1_1,normal_0_2,2.261383986813585,3.3773923437190407,0.17616967509999285
laplacian,1.0,0.01,unif_-1_1,unif_0_1,2.0507121763595753,1.6285080957669966,0.1658850207108263
laplacian,1.0,0.001,normal_0_1,normal_1_1,6.3526017070427345,10.235292966566302,0.12432876874294287
laplacian,1.0,0.001,normal_0_1,normal_0_2,7.243312879822491,7.661365635639999,0.06916336607594101
laplacian,1.0,0.001,normal_0_1,unif_0_1,7.016853529109449,5.3059282700962145,0.19645654740249796
laplacian,1.0,0.001,unif_-1_1,normal_1_1,7.017136957639267,11.823867821972243,0.2122717161060135
laplacian,1.0,0.001,unif_-1_1,normal_0_2,7.125765528302386,10.10749920786843,0.1664464158147369
laplacian,1.0,0.001,unif_-1_1,unif_0_1,6.378802860166262,4.881558957261673,0.16806463678441935
laplacian,2.0,1,normal_0_1,normal_1_1,0.3239878855952926,0.41983737670444093,0.09808003187699978
laplacian,2.0,1,normal_0_1,normal_0_2,0.3795801225056921,0.3388100855272736,0.041414683105596165
laplacian,2.0,1,normal_0_1,unif_0_1,0.3512690426036611,0.3973885884673442,0.22875170132094974
laplacian,2.0,1,unif_-1_1,normal_1_1,0.37600994058744525,0.37615826163681204,0.17944443005026237
laplacian,2.0,1,unif_-1_1,normal_0_2,0.36654205296861375,0.3948757718871928,0.14633626287993187
laplacian,2.0,1,unif_-1_1,unif_0_1,0.3598000069842972,0.4730753380871497,0.19234549617409466
laplacian,2.0,0.8,normal_0_1,normal_1_1,0.32833407672887516,0.4583926542947212,0.09789161525713408
laplacian,2.0,0.8,normal_0_1,normal_0_2,0.3613445238794905,0.37937809879881135,0.05290685601210424
laplacian,2.0,0.8,normal_0_1,unif_0_1,0.3644049029913967,0.42124323157986554,0.2173435026373257
laplacian,2.0,0.8,unif_-1_1,normal_1_1,0.4173232628341736,0.4706357230118024,0.1794097335360313
laplacian,2.0,0.8,unif_-1_1,normal_0_2,0.37916974169286716,0.3936920481832884,0.14818949198172277
laplacian,2.0,0.8,unif_-1_1,unif_0_1,0.41791095650654536,0.43350904391731365,0.1913194381053496
laplacian,2.0,0.5,normal_0_1,normal_1_1,0.4304284843187491,0.5025790092105205,0.08520783675420583
laplacian,2.0,0.5,normal_0_1,normal_0_2,0.41886681051743635,0.46292068701373235,0.04724894791053874
laplacian,2.0,0.5,normal_0_1,unif_0_1,0.46662450942750167,0.46295458655411187,0.2269601477921142
laplacian,2.0,0.5,unif_-1_1,normal_1_1,0.42940228611903813,0.5857631533531398,0.18622299904452708
laplacian,2.0,0.5,unif_-1_1,normal_0_2,0.4176635615565206,0.4809701840750126,0.15121978802737615
laplacian,2.0,0.5,unif_-1_1,unif_0_1,0.4498484179087856,0.5028500231857281,0.19392925643503958
laplacian,2.0,0.2,normal_0_1,normal_1_1,0.5744953900241476,0.6935400335824435,0.09926505199855333
laplacian,2.0,0.2,normal_0_1,normal_0_2,0.5026574256775406,0.593172770783326,0.05025400174712725
laplacian,2.0,0.2,normal_0_1,unif_0_1,0.5641819020592757,0.637373331169358,0.22952365062384866
laplacian,2.0,0.2,unif_-1_1,normal_1_1,0.6285652867035831,0.8707821023919591,0.17829496481327328
laplacian,2.0,0.2,unif_-1_1,normal_0_2,0.6178055708268689,0.704149974125195,0.14989744718510267
laplacian,2.0,0.2,unif_-1_1,unif_0_1,0.6731542324117171,0.7060949205919831,0.1849790660931654
laplacian,2.0,0.1,normal_0_1,normal_1_1,0.790087907576423,0.9465099025523565,0.09700091151706038
laplacian,2.0,0.1,normal_0_1,normal_0_2,0.7800860254800729,0.8760041087674738,0.04894126721561387
laplacian,2.0,0.1,normal_0_1,unif_0_1,0.7629845325852986,0.7765323975596553,0.23270433272064117
laplacian,2.0,0.1,unif_-1_1,normal_1_1,0.9166775830650182,1.2050764168990102,0.1817249454184235
laplacian,2.0,0.1,unif_-1_1,normal_0_2,0.8527151903381481,0.8624202582137094,0.1493876735474488
laplacian,2.0,0.1,unif_-1_1,unif_0_1,0.8856914228895236,0.784974995024144,0.18931339470187444
laplacian,2.0,0.05,normal_0_1,normal_1_1,1.1302378077676085,1.253672275871251,0.09977540735937768
laplacian,2.0,0.05,normal_0_1,normal_0_2,0.9930043011908073,1.335631189121796,0.04886160631344181
laplacian,2.0,0.05,normal_0_1,unif_0_1,1.0562387166208278,1.0903438691323373,0.23202069839916925
laplacian,2.0,0.05,unif_-1_1,normal_1_1,1.2195739680808515,1.6188353314496373,0.1786725894804567
laplacian,2.0,0.05,unif_-1_1,normal_0_2,1.1700280433214005,1.1504707115903225,0.15389312940392635
laplacian,2.0,0.05,unif_-1_1,unif_0_1,1.2492441602700877,1.1708723441452977,0.1886420820202719
laplacian,2.0,0.01,normal_0_1,normal_1_1,2.2957139906896873,2.701047679188577,0.09357239942220122
laplacian,2.0,0.01,normal_0_1,normal_0_2,2.316536558634217,2.259051663570076,0.04960838715133981
laplacian,2.0,0.01,normal_0_1,unif_0_1,2.2743765363209123,2.379352268549519,0.23458999007902614
laplacian,2.0,0.01,unif_-1_1,normal_1_1,2.5756405399744815,3.2772141947364095,0.18054520452639292
laplacian,2.0,0.01,unif_-1_1,normal_0_2,2.357579266940816,2.756950925682561,0.15051759025606162
laplacian,2.0,0.01,unif_-1_1,unif_0_1,2.580323346233829,2.4856845876447538,0.18535242940335836
laplacian,2.0,0.001,normal_0_1,normal_1_1,7.263428690731833,9.797657700488744,0.09898405998088891
laplacian,2.0,0.001,normal_0_1,normal_0_2,7.444256703405748,6.896012207363621,0.04860098359166838
laplacian,2.0,0.001,normal_0_1,unif_0_1,6.805501782381443,8.142880248988593,0.22198722520872782
laplacian,2.0,0.001,unif_-1_1,normal_1_1,7.893485956067827,10.001806733379565,0.17747815248896948
laplacian,2.0,0.001,unif_-1_1,normal_0_2,8.58859133446779,8.294323400909953,0.15333595329875913
laplacian,2.0,0.001,unif_-1_1,unif_0_1,9.333425799697583,7.310305985316975,0.19092678022072662
laplacian,5.0,1,normal_0_1,normal_1_1,0.2519388956221126,0.2967325368231118,0.048690631473460054
laplacian,5.0,1,normal_0_1,normal_0_2,0.22899980192891836,0.24790697746195317,0.024864868152402436
laplacian,5.0,1,normal_0_1,unif_0_1,0.2913813046554581,0.30448388235303,0.165194483781308
laplacian,5.0,1,unif_-1_1,normal_1_1,0.4085150568543578,0.3282688861136772,0.10384052294355724
laplacian,5.0,1,unif_-1_1,normal_0_2,0.36269841660877067,0.3046158995568845,0.08702427033809623
laplacian,5.0,1,unif_-1_1,unif_0_1,0.35239586302213155,0.41543801359693633,0.14278754373542535
laplacian,5.0,0.8,normal_0_1,normal_1_1,0.28462306864299713,0.31899476585973263,0.04735725461912111
laplacian,5.0,0.8,normal_0_1,normal_0_2,0.304861475424422,0.28833857302839366,0.025451714528886487
laplacian,5.0,0.8,normal_0_1,unif_0_1,0.28113153091125626,0.4337507051026897,0.16538686990944132
laplacian,5.0,0.8,unif_-1_1,normal_1_1,0.377058166327203,0.39732877975399006,0.10399072590264671
laplacian,5.0,0.8,unif_-1_1,normal_0_2,0.3541253380314709,0.3413580165454537,0.07922562068102158
laplacian,5.0,0.8,unif_-1_1,unif_0_1,0.38801308059473855,0.388748029640466,0.13546530683242602
laplacian,5.0,0.5,normal_0_1,normal_1_1,0.3252139671071353,0.36038764597082873,0.048485777194854286
laplacian,5.0,0.5,normal_0_1,normal_0_2,0.3134800326460773,0.2709627689701508,0.0227826234304494
laplacian,5.0,0.5,normal_0_1,unif_0_1,0.3468216486900224,0.4585666306304342,0.16185718230133098
laplacian,5.0,0.5,unif_-1_1,normal_1_1,0.41963906274117296,0.40202817847060474,0.1005719869913363
laplacian,5.0,0.5,unif_-1_1,normal_0_2,0.41263421131621586,0.37766372322536357,0.08477116096015798
laplacian,5.0,0.5,unif_-1_1,unif_0_1,0.403025256157981,0.5403514906280702,0.14565762099408136
laplacian,5.0,0.2,normal_0_1,normal_1_1,0.42741890838800073,0.5296398263696013,0.04422593849991166
laplacian,5.0,0.2,normal_0_1,normal_0_2,0.4004019044358428,0.48007945858797263,0.027633601839605542
laplacian,5.0,0.2,normal_0_1,unif_0_1,0.5374111469074687,0.6879552996395398,0.16522305570537416
laplacian,5.0,0.2,unif_-1_1,normal_1_1,0.6292850731796126,0.5320733490299017,0.10593897562920827
laplacian,5.0,0.2,unif_-1_1,normal_0_2,0.5342657225971595,0.41020432038545707,0.08760094481256098
laplacian,5.0,0.2,unif_-1_1,unif_0_1,0.5912818067794785,0.6803471084251547,0.13990403490587414
laplacian,5.0,0.1,normal_0_1,normal_1_1,0.6233408273037755,0.6921770867480794,0.04814444954614061
laplacian,5.0,0.1,normal_0_1,normal_0_2,0.5735838333295541,0.4468800633797909,0.025981104165860705
laplacian,5.0,0.1,normal_0_1,unif_0_1,0.7021190947654312,1.0194153137313082,0.17032457660230346
laplacian,5.0,0.1,unif_-1_1,normal_1_1,0.7971536697088253,0.710927243907769,0.09898233506506039
laplacian,5.0,0.1,unif_-1_1,normal_0_2,0.9087790464695725,0.7060243165294886,0.08418580484105333
laplacian,5.0,0.1,unif_-1_1,unif_0_1,0.9816661307280634,0.9266885827486232,0.13708418166729341
laplacian,5.0,0.05,normal_0_1,normal_1_1,0.9370527374803808,0.9312262729086673,0.04843490899917971
laplacian,5.0,0.05,normal_0_1,normal_0_2,0.8636510788356471,0.7639146678243567,0.02499917596761528
laplacian,5.0,0.05,normal_0_1,unif_0_1,0.9060196327528443,1.2881178695780193,0.1668066958670357
laplacian,5.0,0.05,unif_-1_1,normal_1_1,1.1228954694588371,0.944973279535131,0.10256289662053315
laplacian,5.0,0.05,unif_-1_1,normal_0_2,1.3392049676285385,0.8101150230933023,0.08492908798909769
laplacian,5.0,0.05,unif_-1_1,unif_0_1,1.0468625297203715,1.3110405707331354,0.14013145630299295
laplacian,5.0,0.01,normal_0_1,normal_1_1,1.913337536083634,2.5829068502198287,0.048598301242993684
laplacian,5.0,0.01,normal_0_1,normal_0_2,1.629411824718849,1.6680087565406463,0.022256358952114082
laplacian,5.0,0.01,normal_0_1,unif_0_1,1.75971108719392,2.808095634344686,0.1612648348092464
laplacian,5.0,0.01,unif_-1_1,normal_1_1,2.4979316256587123,2.6464673457730052,0.1034716384055476
laplacian,5.0,0.01,unif_-1_1,normal_0_2,2.5939157144569265,1.8130353453579902,0.08396704401301983
laplacian,5.0,0.01,unif_-1_1,unif_0_1,2.3386304909147757,2.7033190068454784,0.14242036603098812
laplacian,5.0,0.001,normal_0_1,normal_1_1,6.633675063265146,7.103016095963687,0.04695783068573578
laplacian,5.0,0.001,normal_0_1,normal_0_2,5.671109693567517,5.4346083676853745,0.023492149115964894
laplacian,5.0,0.001,normal_0_1,unif_0_1,7.064196842770337,8.175901774594957,0.16956942008890843
laplacian,5.0,0.001,unif_-1_1,normal_1_1,8.030596794773464,7.1724369697684285,0.10077808988448583
laplacian,5.0,0.001,unif_-1_1,normal_0_2,6.760916262236801,5.805891245973696,0.0847825158102271
laplacian,5.0,0.001,unif_-1_1,unif_0_1,7.079937649488962,8.67113983212692,0.14027631520365727
